{
  "name": "lightgallery",
  "version": "1.1.6",
  "homepage": "http://sachinchoolur.github.io/lightGallery/",
  "authors": [
    "Sachin N <sachi77n@gmail.com>"
  ],
  "description": "JQuery lightGallery is a lightweight jQuery lightbox gallery for displaying image and video gallery",
  "main": [
    "light-gallery/js/lightGallery.min.js",
    "light-gallery/css/lightGallery.css",
    "light-gallery/fonts/*",
    "light-gallery/img/*"
  ],
  "keywords": [
    "gallery",
    "lightbox",
    "image",
    "youtube",
    "vimeo"
  ],
  "license": "MLT",
  "ignore": [
    "README.md"
  ],
  "_release": "1.1.6",
  "_resolution": {
    "type": "version",
    "tag": "1.1.6",
    "commit": "68ae1c239175f5059be06f7c2d3ac9eaf0c949af"
  },
  "_source": "git://github.com/sachinchoolur/lightGallery.git",
  "_target": "~1.1.5",
  "_originalSource": "lightgallery"
}