{
  "name": "imagesloaded",
  "version": "3.1.8",
  "description": "JavaScript is all like _You images done yet or what?_",
  "main": "imagesloaded.js",
  "dependencies": {
    "eventEmitter": "4.x",
    "eventie": ">=1.0.4 <2"
  },
  "devDependencies": {
    "jquery": ">=1.9 <2.0",
    "qunit": ">=1.10"
  },
  "ignore": [
    "**/.*",
    "test",
    "component.json",
    "imagesloaded.jquery.json",
    "package.json"
  ],
  "homepage": "https://github.com/desandro/imagesloaded",
  "_release": "3.1.8",
  "_resolution": {
    "type": "version",
    "tag": "v3.1.8",
    "commit": "1d3029fd6123d1560fefaf195865650134089506"
  },
  "_source": "git://github.com/desandro/imagesloaded.git",
  "_target": "~3.1.0",
  "_originalSource": "imagesloaded"
}