{
  "name": "angular-file-upload",
  "main": "dist/angular-file-upload.min.js",
  "homepage": "https://github.com/nervgh/angular-file-upload",
  "ignore": [
    "examples"
  ],
  "dependencies": {
    "angular": "~1.2.11"
  },
  "devDependencies": {
    "es5-shim": ">=3.4.0"
  },
  "keywords": [
    "angular",
    "file",
    "upload",
    "module"
  ],
  "version": "2.1.1",
  "_release": "2.1.1",
  "_resolution": {
    "type": "version",
    "tag": "v2.1.1",
    "commit": "d744768da615ab7269935efceb1227473c08ec23"
  },
  "_source": "git://github.com/nervgh/angular-file-upload.git",
  "_target": "~2.1.1",
  "_originalSource": "angular-file-upload"
}