{
  "name": "angular-nicescroll",
  "description": "Angular Nicescroll Directive",
  "version": "0.0.5",
  "authors": [
    "Tushar Borole <tushariscoolster@gmail.com>"
  ],
  "repository": {
    "type": "git",
    "url": "https://github.com/tushariscoolster/angular-nicescroll"
  },
  "homepage": "http://tushariscoolster.github.io/angular-nicescroll/",
  "license": "LGPL-2.1",
  "main": "angular-nicescroll.js",
  "keywords": [
    "nicescroll",
    "angular"
  ],
  "ignore": [
    "gh-pages",
    "node_modules",
    "bower_components"
  ],
  "dependencies": {
    "jquery.nicescroll": "*"
  },
  "_release": "0.0.5",
  "_resolution": {
    "type": "version",
    "tag": "v0.0.5",
    "commit": "20807c88cc8936c98b4e04d1f3980e35d9024c39"
  },
  "_source": "git://github.com/tushariscoolster/angular-nicescroll.git",
  "_target": "~0.0.5",
  "_originalSource": "angular-nicescroll"
}