{
  "name": "jquery.nicescroll",
  "version": "3.6.0",
  "main": [
    "./jquery.nicescroll.js",
    "./zoomico.png"
  ],
  "ignore": [
    "**/.*",
    "demo",
    "package.json"
  ],
  "dependencies": {
    "jquery": ">=1.8.3"
  },
  "homepage": "https://github.com/inuyaksa/jquery.nicescroll",
  "_release": "3.6.0",
  "_resolution": {
    "type": "version",
    "tag": "3.6.0",
    "commit": "9cdc541fe2cdecf7171261b7bc1c16840cc831d8"
  },
  "_source": "git://github.com/inuyaksa/jquery.nicescroll.git",
  "_target": "*",
  "_originalSource": "jquery.nicescroll"
}